<?xml version='1.0' encoding='UTF-8'?>
<?artifactRepository version='1.1.0'?>
<repository name='file:/G:/workspace/Anypointworkspace/chicago-contracts-connector/target/update-site/ - artifacts' type='org.eclipse.equinox.p2.artifact.repository.simpleRepository' version='1'>
  <properties size='2'>
    <property name='p2.timestamp' value='1507006018951'/>
    <property name='p2.compressed' value='false'/>
  </properties>
  <mappings size='3'>
    <rule filter='(&amp; (classifier=osgi.bundle))' output='${repoUrl}/plugins/${id}_${version}.jar'/>
    <rule filter='(&amp; (classifier=binary))' output='${repoUrl}/binary/${id}_${version}'/>
    <rule filter='(&amp; (classifier=org.eclipse.update.feature))' output='${repoUrl}/features/${id}_${version}.jar'/>
  </mappings>
  <artifacts size='2'>
    <artifact classifier='org.eclipse.update.feature' id='org.mule.tooling.ui.extension.chicago-contracts-connector.3.5.0' version='1.0.0.201710030046'>
      <properties size='4'>
        <property name='artifact.size' value='653'/>
        <property name='download.size' value='653'/>
        <property name='download.md5' value='26edd3e8d5aa57abde752ad7fc00dc34'/>
        <property name='download.contentType' value='application/zip'/>
      </properties>
    </artifact>
    <artifact classifier='osgi.bundle' id='org.mule.tooling.ui.contribution.chicago-contracts.3.5.0' version='1.0.0.201710030046'>
      <properties size='3'>
        <property name='artifact.size' value='399122'/>
        <property name='download.size' value='399122'/>
        <property name='download.md5' value='2f0e7798091c950a1ae74591303cd87f'/>
      </properties>
    </artifact>
  </artifacts>
</repository>
